Mutation,Count
c1210g,628
g1523a,626
g2689a,613
c1854t,544
a1497g,523
g1289a,449
g218t,425
g252a,424
a2112g,417
c1849t,202
a2074g,202
g2671a,196
a347g,172
c326a,168
a1003g,95
c1627t,92
a1505g,76
a71g,64
a572g,45
a834g,45
t2079c,31
a2200g,29
c520t,15
c362t,13
a1817g,11
a530g,11
g1338a,10
g112a,10
a65g,9
g1105a,9
a324g,8
g1879a,8
c2711t,8
g2172a,7
a1287g,7
a831g,7
a2446c,7
t2466g,7
c2519y,6
a2699g,6
g323t,6
a380g,6
t387c,6
a463g,6
g489t,6
a491t,6
g555a,6
g565c,6
c579t,6
t626c,6
a634g,6
g672t,6
t677c,6
t678c,6
a757g,6
t801c,6
g962a,6
a1020g,6
g1037a,6
a1039g,6
g1053a,6
c1080t,6
c1088t,6
t1101c,6
c1138a,6
a1139g,6
a1231g,6
g1232a,6
c1235g,6
a1260g,6
t1270c,6
t1344g,6
t1558a,6
a1678g,6
a1818g,6
a1823g,6
a1824g,6
t1875c,6
t1882c,6
c1886g,6
g1904c,6
c2063g,6
t2064c,6
c2101g,6
c2102t,6
a2103g,6
t2124g,6
g2129t,6
g2135t,6
t2155c,6
g2156a,6
g2157c,6
t2185g,6
a2216g,6
c2271g,6
t2276c,6
c2305t,6
g2323c,6
t2405c,6
c271t,6
a2514w,5
a2515m,5
c2591y,5
t2592y,5
c2598y,5
t2599k,5
t2600w,5
g2443t,5
g502a,5
a658c,5
a682g,5
t791g,5
t794g,5
a858t,5
c861g,5
c865a,5
g917a,5
c919t,5
t927c,5
t981c,5
t991c,5
g1022a,5
g1027t,5
a1059c,5
a1089g,5
t1098g,5
a1100c,5
t1110a,5
t1183a,5
a1188g,5
a1244g,5
a1296t,5
c1301a,5
t1316a,5
t1337c,5
a1405t,5
g1436t,5
a1437g,5
a1463g,5
g1573a,5
a1614g,5
a1662g,5
a1708t,5
a1709g,5
g1723a,5
c1729t,5
a1775c,5
c1785g,5
t1800g,5
c1822t,5
c1866t,5
g1876a,5
a2030c,5
a2037g,5
t2069c,5
t2122a,5
t2125c,5
a2142g,5
t2158c,5
t2227g,5
a2239c,5
t2280g,5
t2283c,5
t2287c,5
c2290a,5
a2295g,5
t2313c,5
a2332g,5
a2352g,5
c2379t,5
g2399a,5
a350g,5
a405c,5
t490g,5
a510c,5
a577t,5
a578g,5
g592c,5
t646c,5
t647a,5
t723c,5
g725a,5
t726c,5
c729a,5
g740t,5
t743g,5
a980g,5
t1010a,5
t1021g,5
t1025g,5
a1096t,5
t1140c,5
c1305t,5
c1347a,5
t1518c,5
t1561c,5
t1634g,5
c1849g,5
t1954c,5
a2214t,5
c2217t,5
t2394g,5
t2599g,5
c2609t,5
a2664c,5
t2672c,5
a2725g,5
t2726c,5
a2740g,5
t2741c,5
c2744g,5
c1099t,5
t2454w,4
t2458y,4
t2466k,4
g2468r,4
c2469m,4
g2506r,4
t2529k,4
a2541m,4
c2601y,4
a890g,4
c954g,4
g2468a,4
t284c,4
g285c,4
c289g,4
g317t,4
t349g,4
a365t,4
t373g,4
t375a,4
c386t,4
a410t,4
t457c,4
a513g,4
a576t,4
g580a,4
a638t,4
g640t,4
c644t,4
c728a,4
g741t,4
g828a,4
a829g,4
t862g,4
a863c,4
g864t,4
g888c,4
g889c,4
c900a,4
g938t,4
c945g,4
t947c,4
g1000a,4
t1035c,4
t1036c,4
a1090g,4
a1121g,4
a1171g,4
a1178t,4
a1221t,4
t1225a,4
a1249g,4
t1300c,4
a1303c,4
t1311g,4
a1409g,4
a1443t,4
g1462a,4
t1469g,4
a1494g,4
t1500g,4
a1515c,4
g1530a,4
g1543c,4
a1559g,4
t1563c,4
c1564t,4
t1639c,4
t1660a,4
c1722g,4
t1786a,4
t1838g,4
a1839g,4
t1840g,4
a1860t,4
t1861c,4
t1868g,4
c1963t,4
t1999a,4
g2004c,4
t2019g,4
a2111t,4
c2116g,4
t2134g,4
c2144t,4
a2166t,4
a2181c,4
a2184g,4
t2203g,4
t2209g,4
t2240g,4
a2250g,4
a2262c,4
a2274c,4
a2298c,4
t2320g,4
a2338g,4
t2422c,4
a2111g,4
g2167a,4
c884t,4
t1882y,4
c1886s,4
g2418s,4
a2514t,4
a2165g,4
c10t,4
c18t,4
g23a,4
a30g,4
a31t,4
a32t,4
g39a,4
g42a,4
c80t,4
t83c,4
g88a,4
c106t,4
a107g,4
a109g,4
c120g,4
a141c,4
g142c,4
g159a,4
c170g,4
t173a,4
t196g,4
c309t,4
a322g,4
t364c,4
t461g,4
c552t,4
g591c,4
c604g,4
g612a,4
c615g,4
g620c,4
a632t,4
c683g,4
g751c,4
c811a,4
g818t,4
a832t,4
t838c,4
a874c,4
g913a,4
g915t,4
a916g,4
a1111g,4
c1141t,4
a1161g,4
a1181g,4
a1185g,4
c1200t,4
t1321g,4
t1336g,4
a1395g,4
a1425g,4
a1445t,4
t1495c,4
c1503t,4
g1628t,4
c1641g,4
c1721t,4
c1744g,4
c1745g,4
t1784c,4
g1790t,4
g1965c,4
a1969g,4
g1980c,4
a2003c,4
t2020g,4
a2029g,4
g2060a,4
g2068a,4
g2145c,4
c2168t,4
c2212t,4
c2221t,4
g2383t,4
g2384c,4
a2386g,4
c2395g,4
a2569g,4
t2587c,4
t2592c,4
t2600c,4
a2716g,4
a2761g,4
a2777g,4
t2785a,4
a2851g,4
g315t,4
a1157g,4
g1203t,4
a1223g,4
a1393t,4
a1408g,4
t1691c,4
c1843t,4
a2143t,4
a2163t,4
a2663t,4
a2699c,3
a283g,3
t287g,3
t300c,3
g307t,3
c326g,3
c335t,3
g395c,3
t432c,3
a437g,3
c445t,3
t460g,3
c512t,3
g517a,3
c518t,3
g521a,3
g527a,3
t554g,3
c574g,3
t648a,3
g650t,3
a724c,3
t744g,3
t860g,3
a906g,3
g910t,3
a926t,3
c934t,3
g949a,3
t996c,3
a1016t,3
a1023t,3
a1097g,3
a1116c,3
c1127t,3
g1146a,3
t1149c,3
g1258a,3
a1265g,3
c1272t,3
c1328g,3
c1329a,3
g1343a,3
g1366a,3
c1384t,3
c1396t,3
a1398g,3
t1423a,3
a1434g,3
t1447c,3
a1452c,3
t1468c,3
a1470g,3
a1486t,3
a1509g,3
a1526g,3
g1538t,3
c1542t,3
t1550c,3
a1560c,3
t1565a,3
a1608g,3
t1611a,3
t1694g,3
g1706c,3
g1716a,3
g1736a,3
g1747a,3
c1771g,3
a1772t,3
a1794c,3
g1804c,3
a1833g,3
c1867t,3
a1982g,3
g2001a,3
a2031t,3
a2050g,3
t2076c,3
t2082c,3
t2083a,3
t2093c,3
a2117c,3
c2118a,3
t2119g,3
c2120g,3
t2121g,3
g2133t,3
a2173g,3
g2201c,3
t2275c,3
a2319g,3
g2353t,3
c2362a,3
c2424t,3
c1744t,3
c487t,3
t2422y,3
g2439t,3
c2444t,3
t2458c,3
c2469a,3
a1865w,3
c1866s,3
c1867y,3
t1868k,3
t1875k,3
g1904s,3
g1930s,3
g1934r,3
t1936w,3
c1938y,3
t1951w,3
t1954w,3
c1959y,3
g1960k,3
g1965s,3
g1966k,3
g1967k,3
c1968m,3
g1980r,3
a1982w,3
c2609y,3
a2610w,3
t2614w,3
a2615w,3
c2616m,3
g2621k,3
a2622r,3
g2623r,3
c2633y,3
c11g,3
g13a,3
c14t,3
t19c,3
g21a,3
t25g,3
a27g,3
g33t,3
c35a,3
c36t,3
g38c,3
g62a,3
g68t,3
t69g,3
t72g,3
g74a,3
a75t,3
g84a,3
t118g,3
c121a,3
t136a,3
a144c,3
a161c,3
c168t,3
g172c,3
g191c,3
g193a,3
t235c,3
a275g,3
g314a,3
a320t,3
c326t,3
g327a,3
c329g,3
c332a,3
a334c,3
c335g,3
t339g,3
g340a,3
a360t,3
c368t,3
c374a,3
g406c,3
c408g,3
a488t,3
g492a,3
t494g,3
c505g,3
t534g,3
g539t,3
g544a,3
a559g,3
c561t,3
g568c,3
a572t,3
g573a,3
c574t,3
t602a,3
c603g,3
a631c,3
t652a,3
a666c,3
t676g,3
c694g,3
a695t,3
a703c,3
t708a,3
g709c,3
a724g,3
a727t,3
t742a,3
t744c,3
a758c,3
a760g,3
t783g,3
a809c,3
a810t,3
t819a,3
t820g,3
c826t,3
t833g,3
a835c,3
g836a,3
a857t,3
t860c,3
a892t,3
t893g,3
g910a,3
a912g,3
c914g,3
g921a,3
g929c,3
a932g,3
g944c,3
t951c,3
g967a,3
g979a,3
t994g,3
g1013c,3
t1024g,3
g1072a,3
t1073a,3
a1097c,3
c1107g,3
c1164t,3
c1184a,3
g1186c,3
t1198c,3
g1217c,3
c1218g,3
g1219t,3
g1220a,3
t1222c,3
a1230c,3
g1240a,3
g1308a,3
t1312g,3
c1314g,3
a1362g,3
g1363a,3
c1427t,3
a1428t,3
g1430t,3
a1461g,3
g1471t,3
a1489t,3
c1496t,3
c1507g,3
g1522a,3
a1527g,3
g1541t,3
c1629t,3
t1640g,3
t1644g,3
t1663g,3
c1665a,3
g1685t,3
a1687c,3
g1696a,3
t1705g,3
a1712c,3
t1713c,3
c1719g,3
g1724a,3
a1735t,3
a1739c,3
c1743t,3
a1746c,3
g1747t,3
c1760t,3
c1783a,3
a1833t,3
g1834t,3
g1836a,3
a1837t,3
g1863t,3
a1864g,3
a1977c,3
g1989a,3
g2032a,3
a2117t,3
a2132t,3
a2199g,3
a2200t,3
t2246c,3
a2267g,3
t2275g,3
g2282a,3
c2296t,3
a2319c,3
g2365t,3
a2385t,3
g2470t,3
c2598t,3
t2682c,3
a2687g,3
g2747a,3
c2751g,3
c2778g,3
c2781g,3
a2782t,3
t2790g,3
a2819g,3
a2850t,3
t2853c,3
c2855g,3
c89g,3
a95t,3
g101c,3
a242g,3
a243t,3
a244g,3
c257t,3
t280c,3
a308c,3
a318t,3
a667g,3
a1132t,3
g1153c,3
a1154t,3
a1156t,3
g1179c,3
t1180c,3
a1188t,3
c1224g,3
c1389t,3
t1391g,3
a1419g,3
t1422g,3
g1432c,3
c1449g,3
a1458t,3
a1487g,3
g1493t,3
c1501t,3
t1571c,3
a1588g,3
c1720g,3
a1850c,3
t2087c,3
a2112t,3
g2131t,3
t2455c,3
t2631c,3
a2651g,3
a2659t,3
t2680c,3
c2707t,3
t2710a,3
g2723c,3
c2743g,3
t2750c,3
t2779c,3
g281c,3
a639t,3
a2622g,3
t2806c,3
g2807a,3
c2840t,3
a2841g,3
a2702g,2
c919g,2
t2076a,2
a286g,2
g291a,2
t297a,2
c303t,2
a308t,2
a321t,2
a328g,2
c332g,2
g345c,2
g346t,2
t369g,2
c426t,2
a488g,2
a514t,2
g516t,2
c552a,2
a572c,2
a594g,2
t595a,2
t597a,2
g649a,2
t652g,2
a666g,2
a727g,2
t783c,2
a810g,2
t819c,2
a892g,2
c914t,2
c940a,2
t946c,2
t995g,2
a998g,2
g1009c,2
g1030a,2
g1034a,2
t1061c,2
a1115t,2
t1129c,2
a1131g,2
g1153a,2
t1228a,2
t1253a,2
a1256g,2
t1274c,2
c1286t,2
t1336c,2
t1348a,2
a1355g,2
c1389g,2
g1415c,2
a1420g,2
a1424g,2
a1428g,2
c1429a,2
g1432t,2
g1444t,2
a1461c,2
a1464g,2
g1471a,2
a1487c,2
a1489g,2
g1493c,2
g1510a,2
g1511t,2
g1512a,2
g1525a,2
c1529a,2
g1533t,2
g1534t,2
g1536c,2
g1545c,2
g1546a,2
t1549g,2
a1552g,2
c1568g,2
t1571a,2
t1572a,2
a1610g,2
t1618c,2
a1631g,2
t1663c,2
a1687g,2
t1691g,2
t1692g,2
t1693a,2
c1702a,2
t1705c,2
g1707c,2
a1712g,2
c1720t,2
g1725c,2
g1726c,2
t1740a,2
g1759c,2
t1774c,2
a1779t,2
c1782a,2
g1791t,2
t1803g,2
g1834a,2
t1943c,2
t1951a,2
t1987c,2
g2047a,2
c2052g,2
t2061c,2
g2092a,2
g2131a,2
a2149g,2
a2150g,2
a2162t,2
t2182c,2
t2186g,2
c2187a,2
a2192t,2
t2194a,2
a2200c,2
a2202g,2
t2246g,2
c2264t,2
t2300a,2
g2306a,2
c2337t,2
a2342g,2
c2395t,2
g2418c,2
a24g,2
a1454g,2
c1517t,2
c1637t,2
c111t,2
g1521a,2
t2405y,2
c2445t,2
t2454a,2
g2506a,2
a2515c,2
c61t,2
t2075c,2
t1847w,2
a1852w,2
c1854y,2
a1981w,2
a1983r,2
a44g,2
a86t,2
g228a,2
g232t,2
a233g,2
t234a,2
g236a,2
a237g,2
g238a,2
a243g,2
g251a,2
a279c,2
g307c,2
a313g,2
a316g,2
c1001t,2
a1028t,2
c1117g,2
a1121c,2
c1122t,2
g1126a,2
a1132c,2
t1147c,2
g1158t,2
c1187g,2
g1189a,2
a1190t,2
a1204g,2
t1280g,2
c1284a,2
t1291g,2
a1355t,2
c1387t,2
c1390g,2
c1402t,2
c1448g,2
g1453a,2
g1455t,2
c1456t,2
g1498a,2
t1500a,2
g1502a,2
a1509c,2
g1511a,2
g1521t,2
g1523c,2
c1529t,2
c1542a,2
c1547a,2
t1548c,2
a1552c,2
a1555g,2
a1560g,2
t1562c,2
a1574g,2
g1605t,2
g1607a,2
a1610t,2
t1618a,2
t1680g,2
a1714t,2
g1759t,2
c1808t,2
g1955a,2
c1959t,2
c1963g,2
t1964g,2
g1966c,2
a2006c,2
t2017g,2
t2071c,2
t2075a,2
g2081a,2
g2085t,2
c2120t,2
t2121c,2
a2130g,2
t2134a,2
c2164a,2
a2166g,2
g2171a,2
a2174t,2
t2183a,2
c2188t,2
a2189g,2
g2197c,2
a2202t,2
c2265a,2
t2300g,2
a2301t,2
t2307c,2
a2310t,2
g2326a,2
t2367a,2
g2388a,2
c2442a,2
g2443c,2
c2445g,2
g2467c,2
c2469g,2
g2497a,2
t2528a,2
a2542t,2
c2549t,2
c2567t,2
c2616a,2
a2625g,2
t2630c,2
a2652g,2
g2717a,2
c2749t,2
c2755a,2
g2764t,2
a2772g,2
g2774a,2
t2794a,2
g2795c,2
t2798a,2
t2805c,2
a2809g,2
g2810t,2
c2818t,2
t2826g,2
t2828c,2
g2829a,2
a2842g,2
g2852c,2
a2857g,2
a2860g,2
g2864a,2
g2439k,2
g2443k,2
c2444y,2
c2445y,2
a2446m,2
t2529b,2
g2531s,2
c2539s,2
a2541v,2
g2629r,2
t2630y,2
c85a,2
a86c,2
t87a,2
a103t,2
t104g,2
g105t,2
g245a,2
t248g,2
c254t,2
c256g,2
t261g,2
a267g,2
a269g,2
g282a,2
t287a,2
g299a,2
g310a,2
a321g,2
t458g,2
t515c,2
g516c,2
t522a,2
g526a,2
t528g,2
a531g,2
t782c,2
a1114g,2
a1128t,2
t1129a,2
a1130t,2
c1152g,2
g1158c,2
g1163a,2
a1190c,2
a1199c,2
c1201t,2
g1206a,2
a1208g,2
c1210t,2
a1267g,2
t1268g,2
g1297a,2
g1298c,2
c1315t,2
a1355c,2
c1356t,2
t1372c,2
c1390t,2
a1392t,2
c1396a,2
t1410g,2
g1417t,2
t1418c,2
a1420c,2
c1429g,2
c1435g,2
g1446c,2
a1454t,2
g1457a,2
c1465a,2
a1470c,2
c1484g,2
t1485g,2
a1486c,2
t1490g,2
a1494t,2
c1496a,2
t1506c,2
c1528g,2
a1544g,2
g1570t,2
t1575c,2
g1577a,2
t1643a,2
c1664t,2
g1686a,2
g1697c,2
g1698t,2
a1704g,2
c1730t,2
g1734a,2
g1759a,2
t1962c,2
g1967c,2
g2001t,2
c2025t,2
g2067t,2
t2086g,2
a2108g,2
a2130t,2
t2140c,2
t2186c,2
t2196c,2
c2213a,2
t2273g,2
c2281a,2
g2282c,2
c2296g,2
g2297t,2
a2321c,2
a2385c,2
a2387c,2
c2469t,2
a2514c,2
c2556t,2
t2614a,2
g2626t,2
g2658a,2
c2751a,2
a2766t,2
a2771t,2
t2783g,2
t211c,2
a233t,2
g239a,2
t994a,2
t1041g,2
a1063c,2
a1159t,2
a1514g,2
c1520t,2
g1534a,2
t1537g,2
g1539a,2
t2086a,2
a2088t,2
t2161g,2
a2162g,2
t2315a,2
a2387t,2
g2511t,2
a2610t,2
c2616t,2
g2621a,2
a2694c,2
c2755t,2
g2764a,2
a189c,2
c210t,2
a279g,2
c329t,2
c330t,2
a333g,2
t349c,2
a365g,2
c368g,2
a410g,2
t458c,2
a477t,2
c511a,2
g517t,2
a523g,2
a631t,2
t651c,2
a663g,2
t696g,2
a703g,2
c728t,2
t730g,2
a739c,2
t840g,2
g844a,2
a857g,2
a863t,2
g889t,2
a890c,2
t893c,2
a1131c,2
g1163t,2
c1164g,2
a1178c,2
c1212g,2
g1220t,2
t1225g,2
g1259a,2
c1271t,2
g1343c,2
t1348g,2
c1435t,2
t1459g,2
a1508g,2
a1580c,2
t1639g,2
g1724t,2
a1739t,2
a1794t,2
a1839c,2
g1848a,2
t1861g,2
a1982c,2
t2084c,2
c2116a,2
g2201t,2
c2337a,2
t2529g,2
a2541c,2
t2603c,2
g2623a,2
g2674a,2
t2681c,2
c2697t,2
c2753t,2
a2772t,2
c2778t,2
t2823c,2
t2831g,2
a2837t,2
g2852a,2
g2859a,2
t2701n,1
a2702n,1
g2703n,1
c2704n,1
t2705n,1
c908g,1
t918g,1
c940g,1
a963g,1
c968g,1
c990g,1
t999g,1
t2065g,1
g2435a,1
g2465a,1
t2474g,1
g2476a,1
c2480t,1
a2484t,1
t2487c,1
g2489t,1
g2504a,1
g2506t,1
g2510a,1
g282t,1
g314t,1
g315c,1
a316c,1
a318g,1
g319c,1
a322c,1
c329a,1
a333t,1
t339a,1
c368a,1
t397a,1
t411c,1
t421c,1
a423c,1
t461c,1
t474g,1
t490a,1
c493t,1
t494c,1
g500a,1
g507a,1
a510t,1
t515a,1
c519a,1
a523c,1
t535c,1
t548a,1
g560a,1
a563g,1
g564a,1
g573t,1
a577g,1
a578c,1
g592t,1
g612c,1
a631g,1
g645a,1
t646g,1
t651a,1
t696c,1
g697a,1
c705t,1
a707g,1
c729g,1
t730c,1
a739g,1
g740c,1
g770t,1
a778g,1
t782a,1
g827a,1
t830g,1
a832g,1
t833a,1
t839a,1
t841a,1
g844c,1
t859c,1
g870c,1
c872a,1
a885g,1
c887a,1
a890t,1
c908t,1
a912c,1
g913t,1
g915a,1
a916t,1
t918c,1
c920t,1
g936a,1
g955a,1
c974a,1
g976a,1
t999a,1
t1010g,1
t1021a,1
t1049c,1
t1151c,1
c1152a,1
a1154g,1
t1155c,1
a1157t,1
t1182a,1
t1196c,1
g1203c,1
a1223t,1
t1238c,1
c1241t,1
g1259c,1
c1271g,1
g1276a,1
t1280a,1
g1298a,1
t1312a,1
c1314t,1
t1321a,1
a1345c,1
g1351a,1
t1371c,1
a1388c,1
t1391a,1
a1393g,1
a1394t,1
a1395t,1
g1403a,1
t1418g,1
g1421a,1
t1422a,1
a1425t,1
c1427g,1
t1438c,1
c1449a,1
g1455a,1
c1456g,1
a1458c,1
g1466t,1
t1472g,1
a1473g,1
g1474a,1
c1476g,1
a1477c,1
t1480a,1
c1481t,1
g1483c,1
t1495g,1
a1497t,1
g1498c,1
g1499a,1
c1501a,1
g1504t,1
t1506a,1
c1507t,1
a1527t,1
t1535c,1
t1537a,1
g1541a,1
a1566g,1
g1567t,1
t1569a,1
a1574c,1
g1576t,1
a1580g,1
g1603a,1
c1625t,1
t1634a,1
t1638c,1
c1664a,1
c1665t,1
g1685a,1
g1686t,1
g1688a,1
a1695c,1
g1696t,1
t1703c,1
a1704t,1
t1713a,1
a1714g,1
c1721g,1
c1730g,1
a1737g,1
a1739g,1
a1762t,1
c1773g,1
c1783g,1
t1784a,1
g1789t,1
g1790c,1
g1802t,1
g1809a,1
c1846g,1
t1847c,1
a1852g,1
g1853c,1
a1983g,1
a2006t,1
t2017a,1
g2036a,1
t2087a,1
c2126a,1
a2130c,1
a2132c,1
a2143c,1
a2163g,1
g2170a,1
t2196a,1
g2197a,1
g2198a,1
t2286a,1
g2288a,1
t2315g,1
a2341g,1
t2382a,1
g2383a,1
g2439a,1
a623g,1
g1726a,1
c871t,1
g1466a,1
t1875y,1
g1876r,1
a2699s,1
g2700r,1
t2064y,1
a2074k,1
t2076k,1
t2077k,1
t2078y,1
t2079m,1
t2083k,1
t2086k,1
t2087w,1
a2088w,1
a2652r,1
a2659m,1
a2663k,1
a2664m,1
g2671r,1
t126a,1
c2109t,1
a1860r,1
c47y,1
g48s,1
a49m,1
a50r,1
t51k,1
a2541r,1
t2631y,1
t87g,1
a95c,1
t104a,1
a195g,1
a202g,1
g222t,1
g223t,1
g224a,1
t227g,1
g231a,1
t241c,1
t248a,1
g281t,1
a318c,1
g319a,1
t458a,1
c1099g,1
t1123g,1
g1150a,1
a1154c,1
g1163c,1
g1197t,1
g1203a,1
a1208t,1
g1214t,1
g1257a,1
g1258c,1
t1268a,1
c1272g,1
c1273t,1
g1298t,1
g1299c,1
c1307a,1
c1313g,1
g1343t,1
a1388t,1
t1399c,1
a1400g,1
g1401a,1
a1404t,1
a1405g,1
g1433c,1
g1444a,1
a1458g,1
g1460a,1
a1463t,1
c1465g,1
g1467a,1
t1468a,1
a1470t,1
c1501g,1
t1532a,1
t1535a,1
g1536a,1
t1537c,1
a1544c,1
g1545a,1
g1546c,1
t1563a,1
g1567a,1
t1569c,1
t1572c,1
t1575g,1
g1576c,1
g1577t,1
g1579t,1
c1582t,1
g1583a,1
t1584a,1
t1615a,1
a1621c,1
c1653a,1
t1693c,1
a1695t,1
g1698a,1
g1700t,1
a1701g,1
c1702t,1
t1703a,1
g1711c,1
c1732a,1
a1738c,1
t1740c,1
g1742c,1
g1750a,1
a1794g,1
c1843a,1
g1848c,1
c1854a,1
t1862c,1
g1967a,1
c1968g,1
a1981c,1
t2077a,1
t2082a,1
t2087g,1
a2165c,1
g2167t,1
g2172t,1
a2181g,1
t2186a,1
c2187t,1
t2190c,1
a2192c,1
t2196g,1
t2203c,1
a2251c,1
a2274t,1
c2278a,1
c2281g,1
a2291c,1
g2297c,1
g2302t,1
t2320a,1
c2337g,1
g2511a,1
t2614g,1
a2620g,1
g2621t,1
a2622t,1
a2659c,1
g2671t,1
t2680g,1
g2688a,1
g2689c,1
c2707a,1
t2710g,1
c2724t,1
g2742a,1
t2754a,1
a2756g,1
a2766c,1
c2780t,1
g2784t,1
c2792a,1
t2806a,1
c2820a,1
a2821t,1
a2824g,1
g2827t,1
c2832g,1
a2841t,1
t2843a,1
a2740c,1
t2797a,1
a1977r,1
g239t,1
t241a,1
g246t,1
g252t,1
t255g,1
t262a,1
c266t,1
c268t,1
t272g,1
g278c,1
a1491g,1
a1508c,1
g1512c,1
g1513t,1
a1514c,1
t1519g,1
c1520g,1
g1524c,1
g1543a,1
g1545t,1
c1547g,1
c1979a,1
a1982t,1
a2022t,1
a2030t,1
a2031c,1
a2050c,1
g2081c,1
t2084a,1
g2105t,1
c2118g,1
t2119c,1
a2132g,1
g2133c,1
g2167c,1
c2168a,1
a2173t,1
a2174g,1
t2182g,1
t2183c,1
a2202c,1
c2265g,1
a2269t,1
a2274g,1
a2301c,1
t2320c,1
t2324c,1
g2383c,1
t2422g,1
c2442g,1
g2443a,1
c2607t,1
a2615t,1
g2621c,1
c2661t,1
t2670g,1
g2674t,1
t2681g,1
g2688c,1
c2697a,1
g2708a,1
a2731g,1
c2755g,1
g2758a,1
t2760c,1
t2765a,1
g2774c,1
c2164t,1
g212a,1
a213g,1
c219g,1
t220a,1
c221t,1
g222a,1
g224c,1
g225a,1
t226a,1
t235g,1
t280a,1
t648g,1
g870t,1
c879a,1
t996a,1
t1151a,1
g1511c,1
g1513a,1
a1527c,1
a1531g,1
t1532c,1
g1533a,1
g1536t,1
g1707t,1
a1850t,1
a1852t,1
g1966a,1
c1979g,1
t1997c,1
t2083c,1
c2120a,1
a2181t,1
t2190a,1
g2191c,1
c2195a,1
t2209a,1
g2299a,1
a2338c,1
g2497t,1
c2549a,1
t2681a,1
g2688t,1
t2773g,1
g2784c,1
t2785g,1
t2790c,1
c2792g,1
a2856t,1
g1136a,1
g1279a,1
g192a,1
g193t,1
a197g,1
t201a,1
a204c,1
g207a,1
a208g,1
a213c,1
t214g,1
g217a,1
a237c,1
a242t,1
a244t,1
g246c,1
c249t,1
c254a,1
t255a,1
c256a,1
a259t,1
g260c,1
g263a,1
a264g,1
c266a,1
g285a,1
c289t,1
g295a,1
a308g,1
a313t,1
g314c,1
a324c,1
c325t,1
g327t,1
a328c,1
t331g,1
c332t,1
g406t,1
t407c,1
a409t,1
a452c,1
t461a,1
c505t,1
c512a,1
c519t,1
g521t,1
g539a,1
a576g,1
g583a,1
g593t,1
g605c,1
a618c,1
t648c,1
a658g,1
t688c,1
a695g,1
t706c,1
a707c,1
t708c,1
a716g,1
a727c,1
t742g,1
t794c,1
c802t,1
a834t,1
t841c,1
c861a,1
c872t,1
c875a,1
g877c,1
t880c,1
g888a,1
a909g,1
a912t,1
c914a,1
c931a,1
a932c,1
g933a,1
g936t,1
t947g,1
c948t,1
t951g,1
g952t,1
g957a,1
c977t,1
g979c,1
a1020c,1
g1022t,1
a1028c,1
a1060t,1
t1098a,1
a1114t,1
g1142a,1
a1156c,1
g1158a,1
c1160a,1
c1162a,1
g1170a,1
g1176t,1
t1183g,1
g1195c,1
t1196a,1
g1211t,1
c1218a,1
c1236t,1
a1254g,1
a1256t,1
t1274a,1
c1275g,1
g1283a,1
t1300g,1
a1303g,1
t1311c,1
g1338c,1
a1373g,1
t1397c,1
c1402a,1
g1414a,1
a1416g,1
g1417a,1
t1422c,1
g1430a,1
a1434t,1
g1440a,1
g1441t,1
a1442g,1
c1449t,1
g1450a,1
t1451a,1
a1452g,1
g1453t,1
c1465t,1
g1466c,1
c1484t,1
c1488a,1
g1513c,1
t1516a,1
c1517a,1
g1525t,1
c1529g,1
t1532g,1
g1533c,1
t1535g,1
a1540t,1
a1560t,1
a1566c,1
c1568a,1
t1569g,1
g1570a,1
t1575a,1
g1579a,1
c1606t,1
g1626c,1
c1627a,1
c1641t,1
t1663a,1
c1675a,1
a1687t,1
t1692c,1
c1768t,1
c1773t,1
c1782g,1
c1783t,1
t1786c,1
g1790a,1
g1791c,1
g1802a,1
g1853t,1
a1865t,1
g1980a,1
a2006g,1
t2017c,1
t2075g,1
t2077c,1
t2122g,1
a2174c,1
t2182a,1
a2199t,1
t2209c,1
a2251g,1
c2265t,1
c2281t,1
g2297a,1
c2328t,1
a2338t,1
g2351a,1
a2354t,1
c2355a,1
g2360t,1
t2361a,1
g2365a,1
a2515t,1
g2604a,1
c2633t,1
a2694g,1
t2750a,1
g2793c,1
c2832t,1
a2858g,1
a2860c,1
c2861t,1
t2863g,1
a3t,1
a4t,1
t9c,1
c14g,1
g21t,1
t22c,1
c35t,1
a40g,1
t64c,1
a65c,1
g66t,1
a67g,1
a70t,1
a73g,1
g74t,1
a75g,1
c76g,1
t77g,1
a78g,1
c79t,1
t82c,1
g84t,1
c85t,1
t87c,1
a103g,1
a108g,1
c111g,1
g112t,1
a113t,1
c114t,1
c117g,1
t118c,1
c121g,1
c125g,1
a144g,1
g145t,1
a150g,1
a151g,1
t157a,1
c158t,1
g162a,1
a163t,1
c169t,1
t171c,1
g172t,1
c178t,1
g191t,1
a195t,1
c199g,1
a208t,1
t211g,1
g212c,1
a215g,1
a216t,1
g218a,1
c219t,1
c221a,1
a230g,1
g231t,1
t234g,1
g238t,1
a240t,1
a247g,1
t248c,1
a250t,1
a253g,1
c266g,1
a267t,1
c268g,1
a277t,1
a290t,1
t297g,1
g317a,1
c325g,1
a334g,1
a336t,1
t339c,1
g346c,1
c348a,1
a352g,1
a354t,1
a359g,1
g366t,1
g377c,1
g378c,1
t389g,1
c390g,1
c391t,1
g406a,1
t407g,1
c408t,1
a423g,1
a442t,1
a452t,1
a478t,1
g500t,1
g502c,1
g506a,1
c519g,1
c538t,1
a563t,1
t570c,1
t575c,1
g580c,1
g593c,1
a596g,1
a598g,1
c599g,1
a600g,1
g606t,1
c609t,1
g612t,1
g624a,1
t627c,1
a632g,1
c636t,1
g640c,1
c644g,1
a654g,1
c665g,1
t676c,1
g687t,1
t688g,1
g697c,1
g698t,1
c705g,1
t706g,1
a707t,1
a716c,1
c717g,1
t742c,1
t752c,1
a758g,1
g784c,1
a786t,1
a809g,1
a810c,1
t819g,1
t820c,1
c824g,1
g828c,1
a835g,1
g836c,1
c837t,1
t839g,1
g867c,1
c871a,1
c876a,1
g877a,1
g878t,1
c883g,1
c887t,1
a911c,1
g923c,1
t927g,1
a932t,1
t951a,1
c974t,1
t987c,1
t996g,1
g1009a,1
t1024c,1
t1066g,1
a1100t,1
a1115g,1
a1116t,1
t1123c,1
a1133g,1
g1148a,1
c1152t,1
t1155g,1
c1160g,1
a1161t,1
c1162t,1
t1182c,1
c1184t,1
g1189t,1
a1190g,1
g1191a,1
a1193g,1
g1194c,1
g1211c,1
c1218t,1
a1221g,1
a1254t,1
a1255t,1
g1257t,1
c1273a,1
a1282t,1
a1346c,1
g1363t,1
c1364a,1
g1366c,1
g1370t,1
t1372g,1
a1374t,1
a1377t,1
t1378c,1
c1380g,1
c1381g,1
a1385c,1
c1386t,1
c1387g,1
a1392g,1
a1394g,1
a1398c,1
t1399a,1
g1426c,1
g1433a,1
a1434c,1
a1445g,1
g1450t,1
t1451g,1
a1452t,1
g1460t,1
a1464c,1
g1467t,1
t1468g,1
c1476t,1
t1485c,1
a1487t,1
c1488g,1
t1516c,1
g1522t,1
c1528t,1
a1544t,1
g1546t,1
t1550g,1
c1551t,1
a1553g,1
g1554a,1
g1573t,1
g1576a,1
g1577c,1
t1578g,1
a1588t,1
t1615g,1
a1633t,1
c1651t,1
t1693g,1
a1695g,1
g1697t,1
t1703g,1
g1706t,1
c1719t,1
c1722t,1
g1742a,1
c1743g,1
a1781g,1
t1784g,1
c1785t,1
t1803a,1
t1838c,1
a1851g,1
t1862a,1
c1888t,1
c1889g,1
g1901c,1
g1902a,1
g1966t,1
c1968t,1
a1977g,1
a1985g,1
t1999c,1
c2005g,1
g2009a,1
g2018c,1
c2024g,1
t2056c,1
t2076g,1
a2115g,1
t2119a,1
c2126t,1
a2173c,1
t2227a,1
a2239t,1
a2251t,1
a2298t,1
a2310g,1
g2311t,1
t2315c,1
c2331t,1
a2342t,1
c2366a,1
t2367c,1
g2380a,1
g2381c,1
t2382c,1
g2384a,1
a2386t,1
a2393t,1
c2397g,1
c2398t,1
a2494g,1
t2552c,1
g2605c,1
g2612a,1
g2624a,1
t2653c,1
g2666a,1
g2678a,1
c2691t,1
g2700t,1
c2752t,1
c2768t,1
c2770t,1
a2771g,1
a2782c,1
g2784a,1
c2792t,1
t2794g,1
g2810c,1
g2811t,1
t2814g,1
c2820t,1
a2821c,1
c2832a,1
c2835a,1
t2836c,1
c2855a,1
a2857c,1
a510g,1
