Isolate	num_copies	homozygous_mutations	heterozygous_mutations
1148R_wgs_batch1	2	a2112g; c1210g; g1523a; g218t; g252a; g2689a	
116C_wgs_batch1	2	a2112g; c1210g; g1523a; g218t; g252a; g2689a	
1226TXMT_wgs_batch2	2	a2112g; c1210g; g1523a; g218t; g252a; g2689a	
1262_wgs_batch2	2	a2112g; c1210g; g1523a; g218t; g252a; g2689a	
1270R_wgs_batch2	2	a2112g; c1210g; g1523a; g218t; g252a; g2689a	
1338V_wgs_batch2	2	a2112g; c1210g; g1523a; g218t; g252a; g2689a	
1368V_wgs_batch2	2	g1523a; g2689a	
294_wgs_batch2	2	a2112g; c1210g; g1523a; g218t; g252a; g2689a	
342_wgs_batch2	2	a1003g; a1497g; a572g; c1854t; g1289a	
688F4V_wgs_batch1	2	a2112g; c1210g; g1523a; g218t; g252a; g2689a	
820_wgs_batch2	2	a2112g; c1210g; g1523a; g218t; g252a; g2689a	
82C_wgs_batch1	2	a2112g; c1210g; g1523a; g218t; g252a; g2689a	
830C_wgs_batch1	2	a2112g; c1210g; g1523a; g218t; g252a; g2689a	
830V_wgs_batch1	2	a2112g; c1210g; g1523a; g218t; g252a; g2689a	
853V_wgs_batch1	2	a2112g; c1210g; g1523a; g218t; g252a; g2689a	
927F1_wgs_batch2	2	a2112g; a2200g; c1210g; g1523a; g218t; g252a; g2689a	
948_wgs_batch2	2	a1003g; a1497g; a24g; a572g; c1854t; g1289a	
951F1_wgs_batch2	2	a2112g; c1210g; g1523a; g218t; g252a; g2689a	
A_ref	2	a1497g; a347g; c1854t; c326a; g1289a; g1338a	
B_ref	2	a1497g; c1854t; g1289a	
Ba_ref	2	a1003g; a1497g; c1854t; g1289a	
C_ref	2	a1497g; c1854t; g1289a	
Da_ref	2	a2112g; c1210g; g1523a; g218t; g252a; g2689a	a2484t; a890g; a963g; c2480t; c908g; c919g; c940g; c954g; c968g; c990g; g2435a; g2443t; g2465a; g2468a; g2476a; g2489t; g2504a; g2506t; g2510a; t2065g; t2076a; t2474g; t2487c; t918g; t999g
E112-18_wgs_batch3	2	a2112g; c1210g; g1523a; g218t; g252a; g2689a	
E112-21_wgs_batch3	2	a2112g; c1210g; g1523a; g218t; g252a; g2689a	
E112-23_wgs_batch3	2	a2112g; c1210g; g1523a; g218t; g252a; g2689a	
E112-27_wgs_batch3	2	a2112g; c1210g; g1523a; g218t; g252a; g2689a	
E112-35_wgs_batch3	2	a2112g; c1210g; g1523a; g218t; g252a; g2689a	
E112-41_wgs_batch3	2	a2112g; c1210g; g1523a; g218t; g252a; g2689a	
E112-42_wgs_batch3	2	c1637t	
E112-45_wgs_batch3	2	a2112g; c1210g; g1523a; g218t; g252a; g2689a	
E112-46_wgs_batch3	2	a2112g; c1210g; g1523a; g218t; g252a; g2689a	
E112-47_wgs_batch3	2	a2112g; c1210g; g1523a; g218t; g252a; g2689a	
E112-52_wgs_batch3	2	a2112g; c1210g; g1523a; g218t; g252a; g2689a	
E112-65_wgs_batch3	2	a2112g; c1210g; g1523a; g218t; g252a; g2689a	
E112-85_wgs_batch3	2	a2112g; c1210g; g1523a; g218t; g252a; g2689a	
E_ref	2	a2112g; c1210g; g1523a; g218t; g252a; g2689a	
F_ref	2	a2112g; c1210g; g1523a; g218t; g252a; g2689a	
GCF_000008725.1_ASM872v1_genomic	1	a2699g; a2702g	
GCF_000012125.1_ASM1212v1_genomic	2	a1003g; a1497g; c1854t; g1289a	
GCF_000026905.1_ASM2690v1_genomic	2	a1497g; c1854t; g1289a	
GCF_000026925.1_ASM2692v1_genomic	2	a1497g; a347g; c1854t; c326a; g1289a	
GCF_000068525.2_ASM6852v2_genomic	2	a2074g; c1210g; c1849t; g1523a; g2671a; g2689a	
GCF_000068585.1_ASM6858v1_genomic	2	a2074g; c1210g; c1849t; g1523a; g2671a; g2689a	a834g
GCF_000092665.1_ASM9266v1_genomic	2	a2112g; c1210g; g1523a; g218t; g252a; g2689a	
GCF_000092685.1_ASM9268v1_genomic	2	a1497g; c1627t; c1854t	
GCF_000092725.1_ASM9272v1_genomic	2	a1497g; c1627t; c1854t; c919t	
GCF_000092745.1_ASM9274v1_genomic	2	a2112g; c1210g; g1523a; g218t; g252a; g2689a	
GCF_000092805.1_ASM9280v1_genomic	2	a1497g; c1627t; c1854t	
GCF_000173475.1_ASM17347v1_genomic	2	a71g; c111t; c1854t	a2699c
GCF_000173495.1_ASM17349v1_genomic	2	a71g; c1854t	a2699c
GCF_000173515.1_ASM17351v1_genomic	2	a2112g; c1210g; g1523a; g218t; g252a; g2689a	
GCF_000173535.1_ASM17353v1_genomic	2	a2112g; c1210g; g1523a; g218t; g252a; g2689a	
GCF_000174055.1_ASM17405v1_genomic	2	a2112g; c1210g; g1523a; g218t; g252a; g2689a	
GCF_000210495.1_ASM21049v1_genomic	2	a2112g; c1210g; g1523a; g2172a; g218t; g252a; g2689a	
GCF_000220105.1_ASM22010v1_genomic	2	a2074g; a834g; c1210g; c1849t; g1523a; g2671a; g2689a	
GCF_000226605.1_ASM22660v1_genomic	2	a1497g; c1854t; g1289a	
GCF_000304495.1_Cm_ESW3_genomic	2	a2112g; c1210g; g1523a; g218t; g252a; g2689a	g2172a
GCF_000304515.1_Cm_FSW4_genomic	2	a2112g; c1210g; g1523a; g218t; g252a; g2689a	
GCF_000304535.1_Cm_FSW5_genomic	2	a2112g; c1210g; g1523a; g218t; g252a; g2689a	
GCF_000318525.1_ASM31852v2_genomic	2	a1497g; c1854t; g1289a	
GCF_000318565.1_ASM31856v1_genomic	2	a1497g; c1854t; g1289a	
GCF_000318645.1_ASM31864v1_genomic	2	a2112g; c1210g; g1523a; g218t; g252a; g2689a	
GCF_000318665.1_ASM31866v1_genomic	2	a2112g; a2200g; c1210g; g1523a; g218t; g252a; g2689a	
GCF_000318765.1_ASM31876v1_genomic	2	a1497g; a71g; c1627t; c1854t	
GCF_000318785.1_ASM31878v1_genomic	2	a1497g; a71g; c1627t; c1854t	
GCF_000318825.1_ASM31882v1_genomic	2	a2074g; c1210g; c1849t; g1523a; g2671a; g2689a	
GCF_000318845.1_ASM31884v1_genomic	2	a2074g; c1210g; c1849t; g1523a; g2671a; g2689a	
GCF_000318865.1_ASM31886v1_genomic	2	a2074g; c1210g; c1849t; g1523a; g2671a; g2689a	
GCF_000318885.1_ASM31888v1_genomic	2	a2074g; a834g; c1210g; c1849t; g1523a; g2671a; g2689a	
GCF_000318905.1_ASM31890v1_genomic	2	a2074g; c1210g; c1849t; g1523a; g2671a; g2689a	
GCF_000318925.1_ASM31892v1_genomic	2	a2074g; c1210g; c1849t; g1523a; g2671a; g2689a	
GCF_000318985.1_ASM31898v1_genomic	2	a2074g; c1210g; c1849t; g1523a; g2671a; g2689a	
GCF_000319105.1_ASM31910v1_genomic	2	a2074g; c1210g; c1849t; g112a; g1523a; g2671a; g2689a	
GCF_000319165.1_ASM31916v1_genomic	2	a2074g; c1210g; c1849t; g1523a; g2671a; g2689a	
GCF_000348825.1_ASM34882v1_genomic	2	a2112g; c1210g; c1744t; g1523a; g218t; g252a; g2689a	
GCF_000348845.1_ASM34884v1_genomic	2	a2112g; c1210g; c1744t; g1523a; g218t; g252a; g2689a	
GCF_000364765.1_ASM36476v1_genomic	2	a2074g; c1210g; c1849t; g1523a; g2671a; g2689a	a834g
GCF_000364785.1_ASM36478v1_genomic	2	a2074g; c1210g; c1849t; g1523a; g2671a; g2689a	a834g
GCF_000507225.1_ASM50722v1_genomic	2	a1497g; c1854t; g1289a	
GCF_000590575.1_ASM59057v1_genomic	2	a2112g; c1210g; g1466a; g1523a; g218t; g252a; g2689a	
GCF_000590595.1_ASM59059v1_genomic	2	a2112g; c1210g; g1523a; g218t; g252a; g2689a	
GCF_000590615.1_ASM59061v1_genomic	2	a2112g; c1210g; g1523a; g218t; g252a; g2689a	
GCF_000590635.1_ASM59063v1_genomic	2	a2112g; c1210g; g1523a; g218t; g252a; g2689a	
GCF_000590675.1_ASM59067v1_genomic	2	a2112g; c1210g; g1523a; g218t; g252a; g2689a	
GCF_000590715.1_ASM59071v1_genomic	2	a1497g; a71g; c1627t; c1854t	
GCF_000590755.1_ASM59075v1_genomic	2	a71g; c1854t	
GCF_000969785.1_ASM96978v1_genomic	2	a2112g; c1210g; g1523a; g218t; g252a; g2689a	
GCF_000969805.1_ASM96980v1_genomic	2	a2112g; c1210g; g1523a; g218t; g252a; g2689a	
GCF_000971705.1_ASM97170v1_genomic	2	a2074g; c1210g; c1849t; g1523a; g2671a; g2689a	
GCF_000971725.1_ASM97172v1_genomic	2	a2074g; c1210g; c1849t; g1523a; g2671a; g2689a	
GCF_001183765.1_ASM118376v1_genomic	2	c1627t; c1854t	
GCF_001183805.1_ASM118380v1_genomic	2	a2112g; c1210g; g1523a; g218t; g252a; g2689a	
GCF_001183825.1_ASM118382v1_genomic	2	a2112g; c1210g; g1523a; g218t; g252a; g2689a	
GCF_001655335.1_ASM165533v1_genomic	2	a2112g; c1210g; g1523a; g218t; g252a; g2689a	
GCF_001655375.1_ASM165537v1_genomic	2	a1470g; a2112g; c1210g; g1523a; g218t; g252a; g2689a	
GCF_001655415.1_ASM165541v1_genomic	2	a2112g; c1210g; g1523a; g218t; g252a; g2689a	
GCF_001655455.1_ASM165545v1_genomic	2	a2112g; c1210g; g1523a; g218t; g252a; g2689a	
GCF_001655495.1_ASM165549v1_genomic	2	a2112g; c1210g; g1523a; g218t; g252a; g2689a	
GCF_001655535.1_ASM165553v1_genomic	2	a2112g; c1210g; g1523a; g218t; g252a; g2689a	
GCF_001655575.1_ASM165557v1_genomic	2	a2112g; c1210g; g1523a; g218t; g252a; g2689a	
GCF_001729845.1_ASM172984v1_genomic	2	a1003g; a1497g; c1854t; g1289a	
GCF_001729885.1_ASM172988v1_genomic	2	a1003g; a1497g; c1854t; g1289a	
GCF_002776745.1_ASM277674v1_genomic	2	a2112g; a2514w; a2515m; a2541m; c1210g; c2469m; c2519y; c2591y; c2598y; g1523a; g218t; g2468r; g2506r; g252a; g2689a; t2454w; t2458y; t2466k; t2529k; t2592y; t2599k; t2600w	a2699c; a2702n; c2601y; c2704n; g2703n; t2701n; t2705n
GCF_002776795.1_ASM277679v1_genomic	2	a2112g; c1210g; g1523a; g218t; g252a; g2689a	
GCF_002776845.1_ASM277684v1_genomic	1	a2446c; a2514t; a2515c; a2541m; c2444t; c2445t; c2469a; c2519y; g1879a; g2418s; g2439t; g2443t; g2468a; g2506a; t2405y; t2422c; t2454a; t2458c; t2466g; t2529k	
GCF_002776885.1_ASM277688v1_genomic	1	a2446c; a2514w; a2515m; a2541m; c1886s; c2444t; c2445t; c2469a; c2519y; g1876r; g1879a; g2418s; g2439t; g2443t; g2468a; g2506a; t1875y; t1882y; t2405y; t2422y; t2454a; t2458c; t2466g; t2529k	
GCF_002776915.1_ASM277691v1_genomic	2	a1497g; a71g; c1627t; c1854t	
GCF_002776935.1_ASM277693v1_genomic	2	a1497g; a71g; c1627t; c1854t	
GCF_002776955.1_ASM277695v1_genomic	2	a1497g; a71g; c1627t; c1854t	
GCF_002776975.1_ASM277697v1_genomic	2	a1497g; a71g; c1627t; c1854t	
GCF_002776995.1_ASM277699v1_genomic	2	a1497g; a1852w; a1865w; a1981w; a1982w; a1983r; a71g; c1627t; c1854y; c1866s; c1867y; c1886s; c1938y; c1959y; c1968m; g1904s; g1930s; g1934r; g1960k; g1965s; g1966k; g1967k; g1980r; t1847w; t1868k; t1875k; t1882y; t1936w; t1951w; t1954w	a1860r; a2541r; a2610w; a2615w; a2622r; a49m; a50r; c2591y; c2598y; c2601y; c2609y; c2616m; c2633y; c47y; g2621k; g2623r; g48s; t2592y; t2599k; t2600w; t2614w; t2631y; t51k
GCF_002777015.1_ASM277701v1_genomic	2	a1497g; a71g; c1627t; c1854t	
GCF_002777035.1_ASM277703v1_genomic	2	a1497g; a530g; a71g; c1627t; c1854t	a2074k; a2088w; a2652r; a2659m; a2663k; a2664m; g2671r; t2064y; t2075c; t2076k; t2077k; t2078y; t2079m; t2083k; t2086k; t2087w
GCF_002777055.1_ASM277705v1_genomic	2	a1497g; a2446m; a2514w; a2515m; a2541v; a2610w; a2615w; a2622r; a530g; a71g; c1627t; c1854t; c2444y; c2445y; c2469m; c2519y; c2539s; c2591y; c2598y; c2601y; c2609y; c2616m; c2633y; g2418s; g2439k; g2443k; g2468r; g2506r; g2531s; g2621k; g2623r; g2629r; t2422y; t2454w; t2458y; t2466k; t2529b; t2592y; t2599k; t2600w; t2614w; t2630y	a1865w; a1977r; a1982w; c1866s; c1867y; c1886s; c1938y; c1959y; c1968m; g1904s; g1930s; g1934r; g1960k; g1965s; g1966k; g1967k; g1980r; t1868k; t1875k; t1882y; t1936w; t1951w; t1954w
GCF_002777075.1_ASM277707v1_genomic	2	a1497g; a530g; a71g; c1627t; c1854t	a2699s; g2700r
GCF_002777095.1_ASM277709v1_genomic	2	a2112g; c1210g; g1523a; g218t; g252a; g2689a	
GCF_002777115.1_ASM277711v1_genomic	2	a2112g; c1210g; g1523a; g218t; g252a; g2689a	
GCF_025723025.1_ASM2572302v1_genomic	2	a2074g; c1210g; c1849t; g1523a; g2671a; g2689a	
GCF_036285905.1_ASM3628590v1_genomic	2	a2074g; c1210g; c1849t; g1523a; g2671a; g2689a	
Ia_ref	2	a1497g; a71g; c1627t; c1854t	a2740c; c2755a; t2797a
J_ref	2	a1497g; a530g; a71g; c1627t; c1854t	
L1_ref	2	a2074g; c1210g; c1849t; g1523a; g2671a; g2689a	
L2_ref	1	a2074g; a834g; c1210g; c1849t; g1523a; g2671a; g2689a	
L2a_ref	2	a2074g; a2142g; c1210g; c1849t; g1523a; g2671a; g2689a	
L2c_ref	1	a2074g; a834g; c1210g; c1849t; g1523a; g2671a; g2689a	
L3_ref	2	a2074g; c1210g; c1849t; g112a; g1523a; g2671a; g2689a	
Nepal236207_wgs_batch2	2	a1497g; c1854t; c362t; g1289a	
Nepal236405_wgs_batch2	2	a1497g; c1854t; c362t; g1289a	
Nepal246617_wgs_batch2	2	a1497g; c1854t; c362t; g1289a	
SAMEA1008240	2	a2074g; c1210g; c1849t; g1523a; g2671a; g2689a	
SAMEA110446707	2	a2112g; c1210g; g1523a; g218t; g252a; g2689a	
SAMEA110446717	2	a2112g; c1210g; g1523a; g218t; g252a; g2689a	
SAMEA114595112	2	a1497g; c1854t; g1136a; g1289a	
SAMEA114595113	2	a1497g; c1854t; c362t; g1289a	
SAMEA114595293	2	a1497g; a347g; c1854t; c326a; g1289a	
SAMEA114595294	2	a1497g; a347g; c1854t; c326a; g1289a	
SAMEA114595295	2	a1497g; a347g; c1854t; c326a; g1289a	
SAMEA114595297	2	a1497g; a347g; c1854t; c326a; g1289a	
SAMEA114595299	2	a1497g; a347g; c1854t; c326a; g1289a	
SAMEA114595300	2	a1497g; a347g; c1854t; c326a; g1289a	
SAMEA114595301	2	a1497g; a347g; c1854t; c326a; g1289a	
SAMEA114595302	2	a1497g; a347g; c1854t; c326a; g1289a	
SAMEA114595305	2	a1497g; a347g; c1854t; c326a; g1289a	
SAMEA114595307	2	a1497g; a347g; c1854t; c326a; g1289a; t2079c	
SAMEA114595311	2	a1497g; a347g; c1854t; c326a; g1289a; g1338a	
SAMEA114595312	2	a1497g; a347g; c1854t; c326a; g1289a; g1338a	
SAMEA114595314	2	a1497g; a347g; c1854t; c326a; g1289a	
SAMEA114595315	2	a1497g; a347g; c1854t; c326a; g1289a	
SAMEA114595316	2	a1497g; a347g; c1854t; c326a; g1289a	
SAMEA114595317	2	a1497g; a347g; c1854t; c326a; g1289a; g1338a	
SAMEA114595323	2	a1497g; a347g; c1854t; c326a; g1289a	
SAMEA114595324	2	a1497g; a347g; c1854t; c326a; g1289a	
SAMEA114595325	2	a1497g; a347g; c1854t; c326a; g1289a	
SAMEA114595326	2	a1497g; a347g; c1854t; c326a; g1289a	
SAMEA114595327	2	a1497g; a347g; c1854t; c326a; g1289a	
SAMEA114595329	2	a1497g; a347g; c1854t; c326a; g1289a; g1338a	
SAMEA114595330	2	a1497g; a347g; c1854t; c326a; g1289a	
SAMEA115854163	2	a2074g; c1210g; c1849t; g1523a; g2671a; g2689a	
SAMEA115854164	2	a2074g; c1210g; c1849t; g1523a; g2671a; g2689a	
SAMEA115854165	2	a2074g; c1210g; c1849t; g1523a; g2671a; g2689a	
SAMEA115854166	2	a2074g; c1210g; c1849t; g1523a; g2671a; g2689a	
SAMEA115854187	2	a2074g; c1210g; c1849t; g1523a; g2671a; g2689a	
SAMEA115854195	2	a2074g; c1210g; c1849t; g1523a; g2167a; g2671a; g2689a	
SAMEA115854202	2	a2074g; c1210g; c1849t; g1523a; g2671a; g2689a	
SAMEA115854205	2	a2074g; c1210g; c1849t; g1523a; g2167a; g2671a; g2689a	
SAMEA13468937	2	a1497g; c1854t; g1289a	
SAMEA13468938	2	a1497g; c1854t; g1289a	
SAMEA13468939	2	a1497g; c1854t; g1289a	
SAMEA13468943	2	a1497g; c1854t; g1289a	
SAMEA13468947	2	a1497g; c1854t; g1289a	
SAMEA13468950	2	a1497g; c1854t; g1289a	
SAMEA13468956	2	a1497g; c1854t; g1289a	
SAMEA13468957	2	a1497g; a65g; c1854t; g1289a	
SAMEA13468960	2	a1497g; c1854t; g1289a	
SAMEA13468963	2	a1497g; c1854t; g1289a	
SAMEA13468967	2	a1497g; a65g; c1854t; g1289a	
SAMEA13468968	2	a1497g; c1854t; g1289a	
SAMEA13468969	2	a1497g; c1854t; g1289a	
SAMEA13468970	2	a1497g; c1854t; g1289a	
SAMEA13468972	2	a1497g; c1854t; g1289a	
SAMEA13468973	2	a1497g; c1854t; g1289a	
SAMEA13468975	2	a1497g; c1854t; g1289a	
SAMEA13468977	2	a1497g; c1854t; g1289a	
SAMEA13468980	2	a1497g; a65g; c1854t; g1289a	
SAMEA1398199	2	a1287g; g1105a	
SAMEA1398200	2	a2112g; c1210g; g1523a; g218t; g252a; g2689a	
SAMEA1398210	2	a1188g	
SAMEA1398211	2	a1497g; a71g; a831g; c1627t; c1854t	
SAMEA1398213	2	a2112g; c1210g; g1523a; g218t; g252a; g2689a	
SAMEA1398216	2	a1497g; c1627t; c1854t; c884t	
SAMEA1398223	2	a2112g; c1210g; g1523a; g218t; g252a; g2689a	
SAMEA1398224	2	a2112g; c1210g; g1523a; g218t; g252a; g2689a	
SAMEA1398225	2	a2112g; c1210g; g1523a; g218t; g252a; g2689a	
SAMEA1398227	2	a1003g; a1497g; c1854t; g1289a	
SAMEA1398235	2	a2112g; c1210g; g1523a; g218t; g252a; g2689a	
SAMEA1398236	2	a2112g; c1210g; g1523a; g218t; g252a; g2689a	
SAMEA1398239	2	a2112g; c1210g; c2711t; g1523a; g218t; g252a; g2689a	
SAMEA1398251	2	a2112g; c1210g; g1523a; g218t; g252a; g2689a	
SAMEA1398253	2	a1497g; c1627t; c1854t	
SAMEA1398254	2	a2112g; c1210g; g1523a; g218t; g252a; g2689a	
SAMEA1398256	2	a2112g; c1210g; c2711t; g1523a; g218t; g252a; g2689a	
SAMEA1398260	2	a2112g; c1210g; g1523a; g218t; g252a; g2689a	
SAMEA1398261	2	a2112g; a2200g; c1210g; g1523a; g218t; g252a; g2689a	
SAMEA1398262	2	a2112g; c1210g; g1523a; g2172a; g218t; g252a; g2689a	
SAMEA1398263	2	a2112g; c1210g; g1523a; g218t; g252a; g2689a	
SAMEA1398265	2	a2112g; c1210g; g1523a; g218t; g252a; g2689a	
SAMEA1398266	2	a1497g; c1627t; c1854t	
SAMEA1398267	2	a2112g; c1210g; g1523a; g218t; g252a; g2689a	
SAMEA1398269	2	a2112g; c1210g; g1523a; g218t; g252a; g2689a	
SAMEA1398276	2	a2112g; c1210g; g1523a; g218t; g252a; g2689a	
SAMEA1398277	2	a1497g; c1627t; c1854t	
SAMEA1398278	2	a1817g; c520t	
SAMEA1398283	2	a2112g; c1099t; c1210g; g1523a; g218t; g252a; g2689a	
SAMEA1398284	2	a2112g; c1210g; g1523a; g218t; g252a; g2689a	
SAMEA1398289	2	a2112g; c1210g; g1523a; g218t; g252a; g2689a	
SAMEA1398292	2	a1497g; a71g; c1627t; c1854t	
SAMEA1398298	2	a2112g; c1210g; g1523a; g218t; g252a; g2689a	
SAMEA1398303	2	a2112g; c1210g; g1523a; g218t; g252a; g2689a	
SAMEA1398305	2	a2112g; c1210g; g1523a; g218t; g252a; g2689a	
SAMEA1398308	2	a2112g; c1210g; g1523a; g218t; g252a; g2689a	
SAMEA1398309	2	a2112g; c1210g; g1523a; g218t; g252a; g2689a	
SAMEA1398314	2	a2112g; c1210g; g1523a; g218t; g252a; g2689a	
SAMEA1398315	2	a2112g; a2200g; c1210g; g1523a; g218t; g252a; g2689a	
SAMEA1398317	2	a2112g; c1210g; g1523a; g218t; g252a; g2689a	
SAMEA1398318	2	a2112g; a2200g; c1210g; g1523a; g218t; g252a; g2689a	
SAMEA1398322	2	a2112g; c1210g; g1523a; g218t; g252a; g2689a	
SAMEA1398323	2	a2112g; c1210g; g1523a; g218t; g252a; g2689a	
SAMEA1398324	2	a2112g; c1210g; g1523a; g218t; g252a; g2689a	
SAMEA1398325	2	a2112g; c1210g; g1523a; g218t; g252a; g2689a	
SAMEA1398329	2	a2112g; c1210g; g1523a; g218t; g252a; g2689a	
SAMEA1398332	2	a2112g; c1210g; g1523a; g218t; g252a; g2689a	
SAMEA1398333	2	c1627t; c1854t	
SAMEA1398338	2	a2112g; c1210g; g1523a; g218t; g252a; g2689a	
SAMEA1398339	2	a2112g; c1210g; g1279a; g1523a; g218t; g252a; g2689a	
SAMEA1398340	2	a2112g; c1210g; g1523a; g218t; g252a; g2689a	
SAMEA1398343	2	a2112g; c1210g; g1523a; g218t; g252a; g2689a	
SAMEA1398346	2	a2112g; c1210g; g1523a; g218t; g252a; g2689a	
SAMEA1398349	2	a2112g; c1210g; g1523a; g218t; g252a; g2689a	
SAMEA1398353	2	a1497g; a71g; c1627t; c1854t	
SAMEA1398354	2	a2112g; c1210g; g1523a; g218t; g252a; g2689a	
SAMEA1398355	2	a2112g; c1210g; g1523a; g218t; g252a; g2689a	
SAMEA1398360	2	a2112g; a2200g; c1210g; g1523a; g218t; g252a; g2689a	
SAMEA1398361	2	a2112g; c1210g; g1523a; g218t; g252a; g2689a	
SAMEA1398362	2	a1494g; c1099t; c1210g; c1854t; g1523a; g218t; g2689a	
SAMEA1398372	2	a1817g; c520t	
SAMEA1398374	2	a2112g; a2200g; c1210g; g1523a; g218t; g252a; g2689a	
SAMEA1398380	2	a2112g; c1210g; g1523a; g2172a; g218t; g252a; g2689a	
SAMEA1398382	2	a2112g; c1210g; g1523a; g218t; g252a; g2689a	
SAMEA1398384	2	a2112g; c1210g; g1523a; g218t; g252a; g2689a	
SAMEA1398387	2	a1287g; g1105a	
SAMEA1398388	2	a2112g; c1210g; g1523a; g218t; g252a; g2689a	
SAMEA1398390	2	a1817g; c520t	
SAMEA1398392	2	a2112g; c1210g; g1523a; g218t; g252a; g2689a	
SAMEA1398393	2	a2112g; c1210g; g1523a; g218t; g252a; g2689a	
SAMEA1398394	2	a2074g; c1210g; c1849t; g1523a; g2671a; g2689a	
SAMEA1398395	2	a1497g; a71g; c1627t; c1854t	
SAMEA1398398	2	a2112g; c1210g; g1523a; g218t; g252a; g2689a	
SAMEA1398402	2	a2112g; c1210g; g1523a; g218t; g252a; g2689a	
SAMEA1398406	2	a1497g; a71g; c1627t; c1854t	
SAMEA1398407	2	a2112g; a2200g; c1210g; g1523a; g218t; g252a; g2689a	
SAMEA1398408	2	a2112g; c1210g; g1523a; g218t; g252a; g2689a	
SAMEA1398412	2	a2112g; c1210g; g1523a; g218t; g252a; g2689a	
SAMEA1483331	2	a2112g; c1210g; g1523a; g218t; g252a; g2689a	
SAMEA1483353	2	a1497g; a71g; c1627t; c1854t	
SAMEA1483357	2	a1817g; c520t	
SAMEA1483368	2	c1627t; c1854t	
SAMEA1483373	2	a1497g; a71g; c1627t; c1854t	
SAMEA1486567	2	a2074g; c1210g; c1849t; g1523a; g2671a; g2689a	
SAMEA1486572	2	a2074g; c1210g; c1849t; g1523a; g2671a; g2689a	
SAMEA1486575	2	a2074g; c1210g; c1849t; g1523a; g2671a; g2689a	
SAMEA1527841	2	a1497g; c1854t; g1289a; t126a	
SAMEA1527844	2	a1497g; c1854t; g1289a	
SAMEA1527846	2	a1497g; c1854t; g1289a	
SAMEA1527847	2	a1497g; c1854t; g1289a	
SAMEA1527848	2	a1497g; c1854t; g1289a	
SAMEA1527849	2	a1497g; c1854t; g1289a	
SAMEA1527851	2	a1497g; c1854t; g1289a	
SAMEA1527854	2	a1497g; c1854t; g1289a	
SAMEA1527856	2	a1497g; c1854t; g1289a	
SAMEA1527861	2	a1497g; c1854t; g1289a	
SAMEA1527864	2	a1497g; c1854t; g1289a	
SAMEA1527866	2	a1497g; c1854t; g1289a	
SAMEA1527867	2	a1497g; c1854t; g1289a	
SAMEA1527869	2	a1497g; c1854t; g1289a	
SAMEA1527872	2	a2074g; c1210g; c1849t; g1523a; g2671a; g2689a	
SAMEA1527873	2	a1497g; c1854t; g1289a	
SAMEA1527880	2	a1497g; c1854t; g1289a	
SAMEA1527883	2	a1497g; c1854t; g1289a	
SAMEA1527887	2	a1497g; c1854t; g1289a	
SAMEA1527888	2	a1497g; c1854t; g1289a	
SAMEA1527896	2	a1497g; c1854t; g1289a	
SAMEA1527899	2	a1497g; c1854t; g1289a	
SAMEA1527902	2	a1497g; c1854t; g1289a	
SAMEA1527903	2	a1497g; c1854t; g1289a	
SAMEA1527909	2	a1497g; c1854t; g1289a	
SAMEA1527910	2	a1497g; c1854t; g1289a	
SAMEA1527911	2	a1497g; c1854t; g1289a	
SAMEA1527916	2	a2112g; c1210g; g1523a; g218t; g252a; g2689a	
SAMEA1527917	2	a1497g; c1854t; g1289a	
SAMEA1527918	2	a1497g; a347g; c1854t; c326a; g1289a	
SAMEA1527920	2	a1497g; c1854t; g1289a	
SAMEA1527921	2	a1497g; c1854t; g1289a	
SAMEA1527922	2	a1497g; c1854t; g1289a	
SAMEA1527924	2	a1497g; c1854t; g1289a	
SAMEA1527926	2	a1497g; c1854t; g1289a	
SAMEA1527929	2	a1497g; c1854t; g1289a	
SAMEA1527930	2	a2112g; c1210g; g1523a; g218t; g252a; g2689a	
SAMEA1527931	2	a1497g; c1854t; g1289a	
SAMEA1527932	2	a1497g; c1854t; g1289a	
SAMEA1527933	2	a1497g; c1854t; g1289a	
SAMEA1527936	2	a1497g; c1854t; g1289a	
SAMEA1527938	2	a1497g; c1854t; g1289a	
SAMEA1527940	2	a1497g; c1854t; g1289a	
SAMEA1527942	2	a1497g; c1854t; g1289a	
SAMEA1527943	2	a1497g; c1854t; g1289a	
SAMEA1559176	2	a2112g; c1210g; g1523a; g218t; g252a; g2689a	
SAMEA1559192	2	a1497g; a71g; c1627t; c1854t	
SAMEA1559193	2	a1497g; a71g; c1627t; c1854t	
SAMEA1559197	2	a1497g; a71g; c1627t; c1854t	
SAMEA1559200	2	a2112g; c1210g; g1523a; g218t; g252a; g2689a	
SAMEA1559201	2	a2112g; c1210g; g1523a; g218t; g252a; g2689a	
SAMEA1559205	2	a2112g; a2200g; c1210g; g1523a; g218t; g252a; g2689a	
SAMEA1559224	2	a2074g; c1210g; c1849t; g1523a; g2671a; g2689a	
SAMEA1559226	2	a2112g; c1210g; g1523a; g218t; g252a; g2689a	
SAMEA1559227	2	a2142g	
SAMEA1559229	2	a2112g; c1210g; g1523a; g218t; g252a; g2689a	
SAMEA1559231	2	a2074g; c1210g; c1849t; g1523a; g2671a; g2689a	
SAMEA1559232	2	a2112g; c1210g; c271t; g1523a; g218t; g252a; g2689a	
SAMEA1559238	2	a2112g; c1210g; g1523a; g218t; g252a; g2689a	
SAMEA1559249	2	a1497g; a71g; c1627t; c1854t	
SAMEA1559257	2	c1627t; c1854t	
SAMEA1559264	2	a1497g; a71g; c1627t; c1854t	
SAMEA1559265	2	c1627t; c1854t	
SAMEA1559276	2	c1627t; c1854t	
SAMEA1559280	2	a2112g; a2200g; c1210g; c61t; g1523a; g218t; g252a; g2689a	
SAMEA1559285	2	a2112g; c1210g; g1523a; g218t; g252a; g2689a	
SAMEA1559286	2	a1497g; a71g; c1627t; c1854t	
SAMEA1559288	2	a2074g; c1210g; c1849t; g1523a; g2671a; g2689a	
SAMEA1559294	2	a1497g; a71g; c1627t; c1854t	
SAMEA1559297	2	a2112g; c1210g; g1523a; g218t; g252a; g2689a	
SAMEA1559300	2	a2074g; c1210g; c1849t; g1523a; g2671a; g2689a	
SAMEA1559301	2	a1497g; a71g; c1627t; c1854t	
SAMEA1559303	2	a2112g; c1210g; g1523a; g218t; g252a; g2689a	
SAMEA1559305	2	a2112g; c1210g; g1521a; g1523a; g218t; g252a; g2689a	
SAMEA1559309	2	a1497g; a71g; c1627t; c1854t	
SAMEA1559310	2	c1627t; c1854t	
SAMEA1559311	2	a1497g; a71g; c1627t; c1854t	
SAMEA1559312	2	a2112g; c1210g; g1523a; g218t; g252a; g2689a	
SAMEA1559313	2	a2112g; c1210g; g1523a; g218t; g252a; g2689a	
SAMEA1559315	2	a1497g; a71g; c1627t; c1854t	
SAMEA1559316	2	a1497g; a71g; c1627t; c1854t	
SAMEA1903196	2	a2112g; c1210g; g1523a; g218t; g252a; g2689a	
SAMEA1903212	2	a2112g; c1210g; c271t; g1523a; g218t; g252a; g2689a	
SAMEA1903218	2	a2112g; c1210g; g1523a; g218t; g252a; g2689a	
SAMEA1903222	2	a2112g; c1210g; g1523a; g218t; g252a; g2689a	
SAMEA1903224	2	a1287g; g1105a	
SAMEA1903242	2	a2112g; c1210g; c2711t; g1523a; g218t; g252a; g2689a	
SAMEA1903246	2	a2112g; c1210g; g1523a; g218t; g252a; g2689a	
SAMEA1903248	2	a2112g; c1210g; g1523a; g218t; g252a; g2689a	
SAMEA1903249	2	a2112g; c1210g; g1523a; g218t; g252a; g2689a	
SAMEA1903271	2	a1497g; a510g; a71g; c1627t; c1854t	
SAMEA1903275	2	a1497g; a347g; c1854t; c326a; g1289a	
SAMEA1903277	2	a1497g; a71g; c1627t; c1854t	
SAMEA1903278	2	a1497g; a347g; c1854t; c326a; g1289a; t2079c	
SAMEA1903282	2	a1497g; a1505g; a347g; c1854t; c326a; g1289a	
SAMEA1903283	2	a1497g; a347g; c1854t; c326a; g1289a	
SAMEA1964684	2	a2074g; c1210g; c1849t; g1523a; g2671a; g2689a	
SAMEA1972194	2	a2112g; c1210g; g1523a; g218t; g252a; g2689a	
SAMEA1973344	2	a1497g; c1854t; g1289a	
SAMEA2019777	2	a1497g; a71g; c1627t; c1854t; c487t	
SAMEA2020003	2	c1627t; c1854t	
SAMEA2020168	2	a1497g; a71g; c1627t; c1854t; c487t	
SAMEA2020175	2	a2112g; c1210g; g1523a; g218t; g252a; g2689a	
SAMEA2030078	2	a2112g; c1210g; c1744t; g1523a; g218t; g252a; g2689a	
SAMEA2030079	2	a1497g; c1854t; g1289a	
SAMEA2044006	2	c520t	
SAMEA2044983	2	a2112g; c1210g; g1523a; g218t; g252a; g2689a	
SAMEA2044987	2	a2112g; c1210g; g1523a; g218t; g252a; g2689a	
SAMEA2045113	2	a2112g; c1210g; g1523a; g218t; g252a; g2689a	
SAMEA2045120	2	a2112g; c1210g; g1523a; g218t; g252a; g2689a	
SAMEA2073077	2	a2074g; c1210g; c1849t; g1523a; g2671a; g2689a	
SAMEA2073078	2	a2074g; c1210g; c1849t; g112a; g1523a; g2671a; g2689a	
SAMEA2073080	2	a2074g; c1210g; c1849t; g1523a; g2671a; g2689a	
SAMEA2073081	2	a2074g; c1210g; c1849t; g1523a; g2671a; g2689a	
SAMEA2073082	2	a2074g; c1210g; c1849t; g1523a; g2671a; g2689a	
SAMEA2073083	2	a2074g; c1210g; c1849t; g112a; g1523a; g2671a; g2689a	
SAMEA2073084	2	a2074g; a834g; c1210g; c1849t; g1523a; g2671a; g2689a	
SAMEA2073085	2	a2074g; a834g; c1210g; c1849t; g1523a; g2671a; g2689a	
SAMEA2073103	2	a2112g; c1210g; g1523a; g218t; g252a; g2689a	
SAMEA2073105	2	a2074g; a834g; c1210g; c1849t; g1523a; g2671a; g2689a	
SAMEA2073106	2	a2074g; a834g; c1210g; c1849t; g1523a; g2671a; g2689a	
SAMEA2073107	2	a2074g; a834g; c1210g; c1849t; g1523a; g2671a; g2689a	
SAMEA2073109	2	a2074g; a834g; c1210g; c1849t; g1523a; g2671a; g2689a	
SAMEA2073110	2	a2074g; a834g; c1210g; c1849t; g1523a; g2671a; g2689a	
SAMEA2073111	2	a2074g; a834g; c1210g; c1849t; g1523a; g2671a; g2689a	
SAMEA2073237	2	a2074g; c1210g; c1849t; g1523a; g2671a; g2689a	
SAMEA2073238	2	a2074g; c1210g; c1849t; g1523a; g2671a; g2689a	
SAMEA2073239	2	a2074g; c1210g; c1849t; c2144t; g1523a; g2671a; g2689a	
SAMEA2073241	2	a2074g; a834g; c1210g; c1849t; g1523a; g2671a; g2689a	
SAMEA2073242	2	a2074g; a834g; c1210g; c1849t; g1523a; g2671a; g2689a	
SAMEA2073243	2	a2074g; a834g; c1210g; c1849t; g1523a; g2671a; g2689a	
SAMEA2073244	2	a2074g; a834g; c1210g; c1849t; g1523a; g2671a; g2689a	
SAMEA2073245	2	a2074g; a834g; c1210g; c1849t; g1523a; g2671a; g2689a	
SAMEA2073246	2	a2074g; c1210g; c1849t; g1523a; g2671a; g2689a	
SAMEA2073247	2	a2074g; a834g; c1210g; c1849t; g1523a; g2671a; g2689a	
SAMEA2073248	2	a2074g; c1210g; c1849t; g1523a; g2671a; g2689a	
SAMEA2073284	2	a2112g; c1210g; g1523a; g218t; g252a; g2689a	
SAMEA2188981	2	a1497g; a1505g; a347g; c1854t; c326a; g1289a	
SAMEA2188982	2	a1497g; a347g; c1854t; c326a; g1289a; t2079c	
SAMEA2188989	2	a1497g; a1505g; a347g; c1854t; c326a; g1289a	
SAMEA2188990	2	a1497g; a1505g; a347g; c1854t; c326a; g1289a	
SAMEA2188994	2	a1497g; a1505g; a347g; c1854t; c326a; g1289a	
SAMEA2188997	2	a1497g; a1505g; a347g; c1854t; c326a; g1289a	
SAMEA2188998	2	a1497g; a347g; c1854t; c326a; g1289a; t2079c	
SAMEA2189000	2	a1497g; a347g; c1854t; c326a; g1289a	
SAMEA2189001	2	a1497g; a1505g; a347g; c1854t; c326a; g1289a	
SAMEA2189002	2	a1497g; a1505g; a347g; c1854t; c326a; g1289a	
SAMEA2189003	2	a1497g; a1505g; a347g; c1854t; c326a; g1289a	
SAMEA2189005	2	a1497g; a347g; c1854t; c326a; g1289a	
SAMEA2189006	2	a1497g; a1505g; a347g; c1854t; c326a; g1289a	
SAMEA2189008	2	a1497g; a1505g; a347g; c1854t; c326a; g1289a	
SAMEA2189011	2	a1497g; a1505g; a347g; c1854t; c326a; g1289a	
SAMEA2189013	2	a1497g; a1505g; a347g; c1854t; c326a; g1289a	
SAMEA2189014	2	a1497g; a1505g; a347g; c1854t; c326a; g1289a	
SAMEA2189015	2	a1497g; a1505g; a347g; c1854t; c2109t; c326a; g1289a	
SAMEA2189017	2	a1497g; a1505g; a347g; c1854t; c326a; g1289a	
SAMEA2189041	2	a1497g; a1505g; a347g; c1854t; c326a; g1289a	
SAMEA2189051	2	a1497g; a1505g; a347g; c1854t; c326a; g1289a	
SAMEA2189052	2	a1497g; a347g; c1854t; c326a; g1289a	
SAMEA2191813	2	a2112g; c1210g; g1523a; g218t; g252a; g2689a	
SAMEA2191819	2	a2112g; c1210g; g1523a; g218t; g252a; g2689a	
SAMEA2191824	2	a2112g; c1210g; g1523a; g218t; g252a; g2689a	
SAMEA2191825	2	a2112g; c1210g; g1523a; g218t; g252a; g2689a	
SAMEA2191828	2	a2112g; c1210g; g1523a; g218t; g252a; g2689a	
SAMEA2191829	2	a1497g; c1627t; c1854t	
SAMEA2203707	2	a2112g; c1210g; g1523a; g218t; g252a; g2689a	
SAMEA2203709	2	a2112g; c1210g; g1523a; g218t; g252a; g2689a	
SAMEA2203710	2	a2112g; c1210g; g1523a; g218t; g252a; g2689a	
SAMEA2203718	2	c1627t; c1854t	
SAMEA2203719	2	a2112g; c1210g; c271t; g1523a; g218t; g252a; g2689a	
SAMEA2203736	2	a2112g; c1210g; g1523a; g218t; g252a; g2689a	
SAMEA2203737	2	a2112g; a2200g; c1210g; g1523a; g218t; g252a; g2689a	
SAMEA2203738	2	a2112g; a2200g; c1210g; g1523a; g218t; g252a; g2689a	
SAMEA2203739	2	c1627t; c1854t	
SAMEA2203745	2	a2112g; c1210g; g1523a; g218t; g252a; g2689a	
SAMEA2203750	2	a2112g; c1210g; g1523a; g218t; g252a; g2689a	
SAMEA2223605	2	a2112g; c1210g; g1523a; g218t; g252a; g2689a	
SAMEA2223607	2	a2112g; c1210g; g1523a; g218t; g252a; g2689a	
SAMEA2223618	2	a2112g; c1210g; g1523a; g218t; g252a; g2689a	
SAMEA2223624	2	a2112g; c1210g; g1523a; g218t; g252a; g2689a	
SAMEA2223634	2	a2112g; c1210g; g1523a; g218t; g252a; g2689a	
SAMEA2223646	2	a2112g; c1210g; g1523a; g218t; g252a; g2689a	
SAMEA2223647	2	a2112g; c1210g; g1523a; g218t; g252a; g2689a	
SAMEA2223648	2	g1105a	
SAMEA2259342	2	a2074g; c1210g; c1849t; g1523a; g2671a; g2689a	
SAMEA2259343	2	a2074g; c1210g; c1849t; g1523a; g2671a; g2689a	
SAMEA2259344	2	a2074g; c1210g; c1849t; g1523a; g2671a; g2689a	
SAMEA2259345	2	a2074g; c1210g; c1849t; g1523a; g2671a; g2689a	
SAMEA2259346	2	a2074g; c1210g; c1849t; g1523a; g2671a; g2689a	
SAMEA2259347	2	a2074g; a834g; c1210g; c1849t; g1523a; g2671a; g2689a	
SAMEA2259348	2	a2074g; c1210g; c1849t; g1523a; g2671a; g2689a	
SAMEA2259349	2	a2074g; c1210g; c1849t; g1523a; g2671a; g2689a	
SAMEA2259350	2	a2074g; a834g; c1210g; c1849t; g1523a; g2671a; g2689a	
SAMEA2259351	2	a2074g; c1210g; c1849t; g1523a; g2671a; g2689a	
SAMEA2259352	2	a2074g; a834g; c1210g; c1849t; g1523a; g2671a; g2689a	
SAMEA2259353	2	a2074g; a834g; c1210g; c1849t; g1523a; g2671a; g2689a	
SAMEA2259354	2	a2074g; c1210g; c1849t; g1523a; g2671a; g2689a	
SAMEA2259355	2	a2074g; c1210g; c1849t; g1523a; g2671a; g2689a	
SAMEA2444275	2	a1497g; a347g; c1854t; c326a; g1289a; t2079c	
SAMEA2444276	2	a1497g; a1505g; a347g; c1854t; c326a; g1289a	
SAMEA2444284	2	a2112g; c1210g; g1523a; g218t; g252a; g2689a	
SAMEA2444286	2	a2112g; c1210g; g1523a; g218t; g252a; g2689a	
SAMEA2444293	2	a2112g; c1210g; g1523a; g218t; g252a; g2689a	
SAMEA2444304	2	a2112g; c1210g; g1523a; g218t; g252a; g2689a	
SAMEA2444306	2	a2112g; c1210g; g1523a; g218t; g252a; g2689a	
SAMEA2444312	2	a2112g; a2165g; a2200g; c1210g; g1523a; g218t; g252a; g2689a	
SAMEA2444320	2	a2112g; a2200g; c1210g; g1523a; g218t; g252a; g2689a	
SAMEA2444333	2	a2112g; c1210g; g1523a; g218t; g252a; g2689a	
SAMEA2444345	2	a2112g; c1210g; g1523a; g218t; g252a; g2689a	
SAMEA2444346	2	a2112g; c1210g; g1523a; g218t; g252a; g2689a	
SAMEA2444349	2	a2112g; a2200g; c1210g; g1523a; g218t; g252a; g2689a	
SAMEA2444358	2	a1497g; a530g; a71g; c1627t; c1854t	
SAMEA2444362	2	a2112g; c1210g; g1523a; g218t; g252a; g2689a	
SAMEA2444363	2	a2112g; c1210g; g1523a; g218t; g252a; g2689a	
SAMEA2444367	2	t2750c	
SAMEA2444369	2	a2112g; c1210g; g1523a; g218t; g252a; g2689a	
SAMEA2444370	2	a1497g; a71g; c1627t; c1854t	
SAMEA2444371	2	a2112g; c1210g; g1523a; g218t; g252a; g2689a	
SAMEA2444373	2	c1517t	
SAMEA2444374	2	a2112g; c1210g; g1523a; g218t; g252a; g2689a	
SAMEA2444376	2	a2112g; c1210g; g1523a; g218t; g252a; g2689a	
SAMEA2444378	2	c1627t; c1854t	
SAMEA2633683	2	a2112g; c1210g; g1523a; g218t; g252a; g2689a	
SAMEA2633684	2	a2112g; c1210g; g1523a; g218t; g252a; g2689a	
SAMEA3276961	2	a2074g; a834g; c1210g; c1849t; g1523a; g2671a; g2689a	
SAMEA3276962	2	a2074g; a834g; c1210g; c1849t; g1523a; g2671a; g2689a	
SAMEA3276964	2	a2074g; a834g; c1210g; c1849t; g1523a; g2671a; g2689a	
SAMEA3276965	2	a2074g; a834g; c1210g; c1849t; g1523a; g2671a; g2689a	
SAMEA3276966	2	a2074g; a834g; c1210g; c1849t; g1523a; g2671a; g2689a	
SAMEA3348845	2	a2074g; c1210g; c1849t; g1523a; g2671a; g2689a	
SAMEA3348847	2	a2074g; c1210g; c1849t; g1523a; g2671a; g2689a	
SAMEA3348850	2	a2074g; a834g; c1210g; c1849t; g1523a; g2671a; g2689a	
SAMEA3859875	2	a1497g; a1505g; a347g; c1854t; c326a; g1289a	
SAMEA3859876	2	a1497g; a1505g; a347g; c1854t; c326a; g1289a	
SAMEA3859881	2	a1497g; a1505g; a347g; c1854t; c326a; g1289a	
SAMEA3859883	2	a1497g; a1505g; a347g; c1854t; c326a; g1289a	
SAMEA3859884	2	a1497g; a347g; c1854t; c326a; g1289a; t2079c	
SAMEA3859885	2	a1497g; a347g; c1854t; c326a; g1289a	
SAMEA3859886	2	a1497g; a1505g; a347g; c1854t; c326a; g1289a	
SAMEA3859887	2	a1497g; a1505g; a347g; c1854t; c326a; g1289a	
SAMEA3859888	2	a1497g; a1505g; a347g; c1854t; c326a; g1289a	
SAMEA3859896	2	a1497g; a347g; c1854t; c326a; g1289a	
SAMEA3859897	2	a1497g; a1505g; a347g; c1854t; c326a; g1289a	
SAMEA3859899	2	a1497g; a1505g; a347g; c1854t; c326a; g1289a	
SAMEA3859900	2	a1497g; a1505g; a347g; c1854t; c326a; g1289a	
SAMEA3859904	2	a1497g; a1505g; a347g; c1854t; c326a; g1289a	
SAMEA3859922	2	a1497g; a1505g; a347g; c1854t; c326a; g1289a	
SAMEA3859927	2	a1497g; a1505g; a347g; c1854t; c326a; g1289a	
SAMEA3859928	2	a1497g; a347g; c1854t; c326a; g1289a	
SAMEA3859931	2	a1497g; a1505g; a347g; c1854t; c326a; g1289a	
SAMEA3859936	2	a1497g; a347g; c1854t; c326a; g1289a; t2079c	
SAMEA3859937	2	a1497g; a1505g; a347g; c1854t; c326a; g1289a	
SAMEA3859943	2	a1497g; a347g; c1854t; c326a; g1289a; t2079c	
SAMEA3859944	2	a1497g; a347g; c1854t; c326a; g1289a	
SAMEA3859949	2	a1497g; a1505g; a347g; c1854t; c326a; g1289a	
SAMEA3859950	2	a1497g; a347g; c1854t; c326a; g1289a	
SAMEA5570249	2	a2074g; c1210g; c1849t; g1523a; g2671a; g2689a	
SAMEA5570252	2	a2074g; c1210g; c1849t; g1523a; g2671a; g2689a	
SAMEA5570253	2	a2074g; c1210g; c1849t; g1523a; g2671a; g2689a	
SAMEA5571958	2	a1497g; a347g; c1854t; c326a; g1289a; t2079c	
SAMEA5571960	2	a1497g; a347g; c1854t; c326a; g1289a; t2079c	
SAMEA5571961	2	a1497g; a2111g; a347g; c1854t; c326a; g1289a; t2079c	
SAMEA5571962	2	a1497g; a2111g; a347g; c1854t; c326a; g1289a; t2079c	
SAMEA5571963	2	a1497g; a347g; c1854t; c326a; g1289a; t2079c	
SAMEA5571964	2	a1497g; a347g; c1854t; c326a; g1289a; t2079c	
SAMEA5571965	2	a1497g; a347g; c1854t; c326a; g1289a; t2079c	
SAMEA6872266	2	a1003g; a1497g; c1854t; g1289a	
SAMEA6872267	2	a1003g; a1497g; c1854t; g1289a	
SAMEA6872268	2	a1003g; a1497g; c1854t; g1289a	
SAMEA6872290	2	a1497g; c1854t; g1289a	
SAMEA6872293	2	a1003g; a1497g; a572g; c1854t; g1289a	
SAMEA6872298	2	a1003g; a1497g; a572g; c1854t; g1289a	
SAMEA6872301	2	a1003g; a1497g; a572g; c1854t; g1289a	
SAMEA6872306	2	a1497g; c1854t; g1289a	
SAMEA6872312	2	a1497g; c1854t; g1289a	
SAMEA6872325	2	a1003g; a1497g; a572g; c1854t; g1289a	
SAMEA6872330	2	a1003g; a1497g; c1854t; g1289a	
SAMEA6872331	2	a1003g; a1497g; c1854t; g1289a	
SAMEA6872334	2	a1003g; a1497g; a572g; c1854t; g1289a	
SAMEA6872341	2	a1003g; a1497g; a572g; c1854t; g1289a	
SAMEA6872343	2	a1003g; a1497g; c1854t; g1289a	
SAMEA6872344	2	a1003g; a1497g; c1854t; g1289a	
SAMEA6872350	2	a1003g; a1497g; a572g; c1854t; g1289a	
SAMEA757061	2	a2074g; c1210g; c1849t; g1523a; g2671a; g2689a	
SAMEA757065	2	a2074g; c1210g; c1849t; g1523a; g2671a; g2689a	
SAMEA757067	2	a2074g; c1210g; c1849t; g1523a; g2671a; g2689a	
SAMEA757069	2	a2074g; a834g; c1210g; c1849t; g1523a; g2671a; g2689a	
SAMEA767921	2	a2112g; c1210g; g1523a; g218t; g252a; g2689a	
SAMEA767922	2	a2074g; c1210g; c1849t; g1523a; g2671a; g2689a	
SAMEA767924	2	a2074g; c1210g; c1849t; g1523a; g2671a; g2689a	
SAMEA893006	2	g1105a	
SAMEA893008	2	a1497g; c1627t; c1854t; c884t	
SAMEA893011	2	a1497g; a71g; c1627t; c1854t	
SAMEA893016	2	a1497g; a530g; a71g; c1627t; c1854t	
SAMEA893018	2	c1627t; c1854t	
SAMEA893025	2	c1627t; c1854t	
SAMEA893028	2	a2112g; c1210g; g1523a; g218t; g252a; g2689a	
SAMEA893029	2	a2112g; a2200g; c1210g; g1523a; g218t; g252a; g2689a	
SAMEA893031	2	a2112g; c1210g; g1523a; g218t; g252a; g2689a	
SAMEA893032	2	a2112g; c1210g; g1523a; g218t; g252a; g2689a	
SAMEA893034	2	a2112g; c1210g; g1523a; g218t; g252a; g2689a	
SAMEA893048	2	a1497g; a71g; c1627t; c1854t	
SAMEA893049	2	a1497g; a71g; c1627t; c1854t	
SAMEA893056	2	a1817g; c520t	
SAMEA893058	2	c1627t; c1854t	
SAMEA893060	2	a2112g; c1210g; g1523a; g218t; g252a; g2689a	
SAMEA893072	2	a2112g; c1210g; g1523a; g218t; g252a; g2689a	
SAMEA901498	2	a1497g; c1854t; g1289a	
SAMEA901501	2	a2074g; c1210g; c1849t; g1523a; g2671a; g2689a	
SAMEA91866418	2	a2074g; c1210g; c1849t; g1523a; g2671a; g2689a	
SAMEA9664043	2	a1497g; c1854t; g1289a	
SAMEA9664047	2	a1497g; c1854t; g1289a	
SAMEA9664059	2	a1497g; c1854t; g1289a	
SAMEA9664065	2	a1497g; c1854t; g1289a	
SAMEA9664067	2	a1497g; c1854t; g1289a	
SAMEA9664068	2	a1497g; c1854t; g1289a	
SAMEA9664073	2	a1497g; c1854t; g1289a	
SAMEA9664078	2	a1497g; c1854t; g1289a	
SAMEA9664088	2	a1497g; c1854t; g1289a	
SAMEA9664113	2	a1497g; c1854t; g1289a	
SAMEA9664115	2	a1497g; a65g; c1854t; g1289a	
SAMEA9664116	2	a1497g; a65g; c1854t; g1289a	
SAMEA9664122	2	a1497g; c1854t; g1289a	
SAMEA9664124	2	a1497g; c1854t; g1289a	
SAMEA9664126	2	a1497g; c1854t; g1289a	
SAMN04158385	2	a2074g; a834g; c1210g; c1849t; g1523a; g2671a; g2689a	
SAMN04158386	2	a2074g; a834g; c1210g; c1849t; g1523a; g2671a; g2689a	
SAMN04158387	2	a2074g; c1210g; c1849t; g1523a; g2671a; g2689a	
SAMN04158388	2	a2074g; a834g; c1210g; c1849t; g1523a; g2671a; g2689a	
SAMN04590091	2	a2112g; c1210g; g1523a; g218t; g252a; g2689a	
